x,y,y_err
7.513516534115597,-17.664323995215522,7.85364378672189
3.8276628372725754,-11.971760923377442,0.5403448008901698
8.444577119025206,-33.4915228724344,2.999310482556568
6.671048319653003,-22.392359596254988,0.6401480225017683
0.03595082676414485,3.889633419220786,1.3293454705002776
9.731845868004315,-38.72406648379491,2.751471825236688
7.372536721893883,-24.072686224136827,1.0420014024821518
7.646707358046492,-22.71297767760575,6.5188750050101145
0.4092499594310046,1.5761843195989012,0.6896074995780878
3.9542453168512384,-9.290509430426702,1.9685370644630844
3.078778266558394,-8.885395238059088,0.48386573278217493
9.19441487733462,-33.140047922954246,0.6551086539281297
6.08251632088731,-21.329428355212226,0.758752642269813
8.05037774597913,-28.498398086278574,0.17849006044858828
3.8775561871006423,-12.04525011617453,0.15256234590990703
1.4996259396325458,-2.6924519666948696,2.1626181637527857
5.100432657174183,-18.565601518866472,2.0466118137035108
-0.29801018285407144,4.652296064896291,2.117480543110522
8.103942891918402,-28.82150111523408,0.10952995032022225
5.948308390342714,-20.89814892427046,0.44987689118378615
7.338965140939112,-26.157884710944764,0.24866788154191197
2.899785649428552,-6.220828771919614,3.6000028541812044
9.677678268343936,-48.72533465218908,5.2633324547301
8.824332334544174,-31.5957074153889,0.3114302213598442
7.56221846781138,-27.709453900869416,2.1661988338274685
1.1410257863716433,-1.0702232714673574,0.1814368957896598
4.133931040997376,-13.305955718923938,0.3550626999609883
-0.5181585763404835,5.371730999358793,0.1893690465094182
0.6971844127430261,0.2992946695933812,0.36901288695919265
6.513538485667,-22.276789803816165,2.2360066699141847
7.192383714985988,-20.337272599197032,6.6168885591701025
9.64260705677631,-35.00973259725745,0.25412349279076185
2.5840789395196713,-5.79856775625097,1.2138305672560956
3.0750567663835575,-11.4598705069429,2.5280298783177253
4.1651139240338875,-10.882187977911842,8.050909355235317
1.0841849499271428,0.44858360103090816,1.6600492231809447
0.4291365586901881,1.7183448754182051,0.3237530452005273
4.232754188485271,-10.105646898116673,1.7821994849733471
1.4960028395597251,-3.0438948119194307,0.4375042975060432
6.367953941507614,-34.31173482570895,8.958943163392885
3.808671107595638,-12.472286577081379,0.6300170028641338
8.159460156636213,-27.481890060002165,2.348850856454106
6.702916122024741,-23.223834064941666,0.11128974945517872
2.4360330552024516,-6.358839057910567,0.6311359116851804
8.154857815347212,-35.332971911161685,5.6262007805705085
7.85240793246482,-26.54617711611902,1.6613261031675899
3.262262169331919,-10.633364496405814,0.772477383020812
2.1716091432326854,3.249786042399677,7.4451765172327065
6.5074505437247305,-7.920765171271965,5.104682702062887
0.5372773197024079,1.239059334163504,0.44099264642542896
1.1989902272261914,-0.8206805205697263,1.2277128574128175
-0.9190150327389394,6.3600895482472986,0.9542199939789512
7.656168152523522,-30.37259714330893,1.838251801390031
6.313359422512353,-22.021106768201058,0.4658247224968501
6.756819164889686,-23.82868874796137,0.307900221643097
7.588019341241647,-36.45437759836022,6.6887300787409805
4.048073530921739,-0.6612341748277127,7.042859084557735
5.256153155481831,-16.237822642372784,4.860106336826356
0.5377669794042319,4.509799186843713,9.045006046739246
0.25983080889570787,1.2185470730261472,3.090174835386863
6.352432579695188,-22.47956615203538,3.383252856165686
4.182058267574458,-10.088612913693812,3.351044414069838
5.217597171293077,-17.441226595755396,0.9145664420557671
7.414987431576281,-25.657951593057742,0.8182846209821718
5.981901520006499,-20.49020981842757,0.30231002715953237
5.089373407237954,-17.571707421013414,1.9482217554127361
5.151278768199549,-17.682890078439065,0.3790009269935017
2.343451078688734,-6.705959479752911,0.3278059403590979
-0.6610038197526665,5.422545126438354,1.4856713492538276
3.8038912815559858,-11.789632387330784,0.6606398644924939
1.360431401014821,-2.5266955094837438,0.27397643959614154
3.4938150809709976,-10.749812716287817,4.28659085896983
8.387433805949827,-29.650918151346758,5.261866660928184
1.5733343445187482,-3.4820892460607693,0.2164706590441277
-0.3586698414202738,4.522070220534633,0.10351756926209481
2.095222812241962,-4.885556561236128,0.4701754371917392
2.22953133543352,-4.084267740461907,3.9356971415511155
6.281081661995845,-27.113702784802804,4.768126100417899
5.127353675754062,-17.02519453188869,0.1890854625276762
7.622880300170548,-23.29690878568441,3.537299252942703
6.307448943601263,-21.584601908439712,0.17037596733395913
3.4702554758407755,-10.566395259405201,0.6027332918719571
7.954224231326381,-32.87230068661903,9.936170381919505
0.836702118984743,-0.25817022651917315,0.24276252526536538
-0.7501671955275347,6.258432384799604,0.2032016196116818
-0.009473531467940721,3.374069494901613,0.7008106048915655
6.945952856560953,-23.147228303123516,1.7351501093220192
4.080649532765261,-11.952071627912828,7.341783352419348
0.7739895693696197,7.637857155141235,9.154661509973375
4.511492526136999,-14.60922451900584,0.13781017149982286
0.6754331298448526,0.6798339946824,0.1887969763747742
6.659524125855096,-19.78578565476338,3.814836662684644
3.907719031314338,-12.516889223034863,0.3477477306577058
3.1912334870613073,-20.04645962004912,5.8843448843216795
2.316632980626642,-2.6751922377879995,2.122787464950625
5.933108524307773,-20.195246020369474,0.16737462028647254
2.9799387160872945,-16.50054535319463,4.624433832608497
-0.03585088752288901,3.180733921528527,0.22527487636662866
0.2980649233256685,2.565112318996906,0.7030574090845494
9.58087431004466,-35.00397052174407,1.271656621927104
8.994387597783678,-32.8453351063842,1.00353447849233
6.696778471918245,-19.95337969658474,2.356816832328723
1.9245695760547155,-6.518522148434023,2.0201027959768605
9.660940150824963,-42.65893125547177,9.640154872559284
7.5662599436237405,-24.581551671612626,9.973413341233387
6.885792080748952,-23.580478627724258,1.0787450236097103
3.9429765235816756,-12.299452965246548,0.1550237270573745
1.9946571802967492,-2.0777013345664823,2.8555291501354247
0.060300583688492226,4.745152090377868,8.981071552322641
8.928626361982259,-31.859697291426528,0.43316441866619776
4.013539188169721,-12.871952761051071,0.8364072173314174
1.2259970127475335,-1.598915905499966,0.7072188856890637
2.3655228656571774,-6.13120733549851,0.1267179998009379
5.371415258360855,-17.543777848432942,2.210695170327625
0.9445006123315488,-0.13805115142132438,0.5089503180962935
8.42275712501613,-27.987199969848874,3.7577488387442552
7.343714828187311,-25.606561758122513,4.6157273854791026
6.914092515460305,-27.665516791072374,4.389970210328539
3.753023437526141,-11.579904559774398,0.6812899712674324
5.900397247726875,-20.12129930835287,0.43963409350985777
5.425077658040092,-17.62369657977057,3.1451514228926363
6.14831261710302,-12.247622273661223,4.0066265788265305
-0.07111246746122002,2.977732614234314,0.9605387565204888
3.573881423876706,-8.338017049851336,6.110293043565539
-0.5422440875191827,5.549281486955705,0.19400699646652947
4.433899011689708,-13.754206443117543,5.729774883022983
2.6284733356606385,-6.819671676819167,0.15566481718408398
0.5897660775265159,0.7934423955810911,0.20279210539814094
0.13743264494806806,3.035744228485868,1.1686380608519287
5.464090293954833,-18.49441015993363,0.13646992735709026
0.8765226539057471,-0.3075259272191753,0.1275305412289702
9.17632130214477,-33.02522076965214,0.10023917608735608
5.391672536704345,-17.468129027064087,0.7458187877719268
2.815567849883208,-6.792457191838615,3.5419935221365826
5.500070406295585,-18.37970981968888,0.11740232579125472
-0.7491574186733275,5.967920681994764,2.0161145920461805
9.544151345655898,-35.97424894752719,4.428479461443302
4.305337806371902,-13.221721634186911,0.2167712575889006
7.610087499753148,-26.78539967579371,0.19666517805487002
-0.08997000085317575,-0.23451501894502058,5.2674685009528215
4.353241639219764,-17.07160139617596,4.428424245990504
4.39777693789973,-15.30087967290542,1.1964196369326487
9.31609100472481,-29.529081938399745,4.34910365477995
5.289008576136829,-17.749610544857042,0.15328941077499944
4.2083834116264915,-13.346516009428413,0.6151245153658571
1.9367322940108294,-4.640799664420829,2.9894762824267134
2.647258970768074,-7.018408312453397,0.3272682835104152
4.727396427186916,-18.181678184656988,3.1963757627303293
3.8280260633555137,-13.018768408360181,1.0194295277929064
-0.7622671213163653,6.92132984588907,3.1661535699441257
8.089211166137936,-28.244914694279434,0.8498832611972141
8.857768490237435,-31.61077948287721,0.5442628361562193
0.5427399789847185,0.8337662133854042,0.27439641497475536
5.094397578929543,-16.748093509563695,0.2610710301693796
0.19433315248987904,0.06372189693817619,3.184062772896153
6.394641023437929,-22.151618936043114,0.17291023302108327
2.0935716222290917,-5.2107732070735935,0.14858148692424858
6.25364898161092,-21.21143486001407,0.2252074380215878
6.996940757155709,-24.298729163763554,0.2242296416734079
7.455122411094227,-23.571801524431034,4.428077829733427
0.18515040551486217,3.2500410622609346,0.6266329780815315
9.076130296513687,-5.745693675766799,9.567025129606433
1.532353899843689,-3.1750182477014812,0.18811460526050452
-0.5884618820620224,4.02710283600618,2.028054638944195
5.103377163306317,-17.447028039065145,0.7896943201986381
3.0801451224868264,-9.487479230250589,0.6107118590646478
8.127687174456545,-34.96970136112068,5.625594158663618
7.89076619270732,-30.64972058201963,8.93699040484375
2.488527821049869,-13.405092966975644,5.568239637919325
9.481893345767194,-34.17607665673825,0.24243837147365035
2.200096219541305,-5.477042040981318,0.2764367907283747
4.66562842154886,-14.244154355706753,2.051860155859165
1.8156159962436302,-3.7802648064647704,0.37858827820743307
9.296479270538597,-31.747496899425084,2.9474758917400417
0.8106859934021996,-0.5096360862512392,1.3578171870829163
-0.5059831866843811,7.880307812785738,1.2642050970134946
3.7860676600334173,-10.692135629037372,4.540397226118838
9.916131204614208,-40.88358267723931,2.6367292895392214
8.808449928804054,-31.7102252609467,0.11302005908259022
7.234688214026441,-25.598528521677935,0.12557936257155952
8.798717399663774,-31.530817945669806,1.5963087894072165
8.827913036676495,-31.788124656376766,0.938391685782988
4.70744196425094,-15.551580174576044,0.33141282497504965
2.475219570138723,-5.195541734675756,0.6875624882928658
7.492136753220868,-24.59653728970221,3.279598185553177
6.278273894845372,-18.33422222656504,4.500108337776895
3.110235017610811,-10.321067172067114,1.3257026847033608
0.039133348676667956,2.455980159440399,0.5898464388108872
7.214685724839286,-25.288136707414985,0.34785121368528704
1.8870656751515114,-4.063357310031516,1.106208373446416
9.304944655871571,-34.349238635657684,0.42608793512631576
1.6506763250625323,-3.5631241466867047,1.3433533852936657
0.3503372565263463,1.84768815724494,2.2558216738157872
8.142239393373968,-28.994309766614194,0.13556838482002073
0.6861274828694345,0.40770034878737216,0.10049279607512739
0.97195138973513,-0.7830851495012449,0.2657995722391519
5.593210706729279,-19.983528216506144,6.15209446542779
8.620182449212109,-30.67510443875026,1.9614693510921506
1.1607813228603057,-1.2521157473377456,0.22076016188981099
2.4135604019010426,0.18612331570018148,6.03292496320175
7.551453220652953,-26.88761810477533,0.8707868872152357
9.690090686670642,-35.48836419219333,0.8957431864625971
4.508153048225766,-11.35657447875867,7.431626722458708
0.5828725280637586,0.9776729353226429,0.13151442314231881
-0.846700835209783,6.42775405175442,0.2693745420959177
1.5262163299874079,-1.6560043651839609,1.484371647059462
0.4500443956517314,1.6630605571276578,0.24602147569078434
6.454245409741432,-19.344256126737914,2.2858831084154176
0.34015755091384237,2.332802538772407,0.2680307235069463
4.569629247826963,-14.988708940493368,0.15787520998209822
6.636886792071751,-23.014800691379357,0.25940020757863713
5.3922827014299255,-18.09382777150938,0.7005966696756016
1.1975321682606337,-1.5528813017047705,0.22504874652262677
7.84536978800489,-27.913117389003844,0.18594480520310347
6.869478425773818,-31.74370205758286,5.254891730448611
7.128824043070959,-24.921221925029652,0.4373150334296068
0.44163526713044576,1.0506307854941195,0.5266442817683703
0.3612918401537907,1.7837610323954267,0.12898547846552472
9.203188061071584,-33.56801055058294,0.5184886417845743
3.373360132074347,-10.498470600050467,0.33854340243351994
2.3104356095903373,-5.537509408613019,1.6632982656862099
4.374424498866866,-14.041924973972575,0.257501993370961
6.2915063403994065,-18.189673623223786,5.980409271750921
9.51185582751667,-18.564776827882376,7.233246104884134
2.150908495702605,-5.253109200587611,0.1583660608534915
9.172892722432298,-32.957082996572844,0.16398567528320773
-0.7265455947511805,5.886784534067214,0.1700798547244232
5.107178465595071,-19.20741172355206,1.7343570603566474
5.973726228491937,-20.12109043225831,0.17536298462146271
0.16487144125828623,-2.130812835481611,5.067160211486354
0.543735567703039,-2.3148783736455267,3.2250988461209134
3.6102575124793423,-11.23254941587194,4.361317624556889
9.628551033574999,-34.93835248853143,1.1275116911666851
5.556468085578101,-27.638340614127358,9.848144743674078
9.263255437602323,-33.43097546242199,0.12256041021356777
7.847970071742678,-27.022446994615965,0.6346436344323693
4.141197617108206,-13.51771486204017,0.44450160952587
7.6323979417740615,-37.952562980027594,7.893888675717536
-0.8037953762531349,7.718131581679524,1.424695055300203
0.20058396442308435,4.424078832343315,4.096207334722938
8.1237147637101,-29.027930904242154,0.2191201857075882
7.76498797157678,-41.81390820814276,9.0629229504499
1.5590481616307708,-3.698913502051034,0.9937544667662008
4.838465496589588,-15.96706580568862,0.9712793434623298
5.66617402770012,-8.989678866995135,8.74519418020542
8.545128491536122,-31.155218985774663,0.5773839701419099
5.634178730725982,-19.110037672294574,0.6238067202830204
3.5382872620104835,-9.780240216971396,1.4774248708003892
3.1160244774790096,-9.539061960106654,0.18034546298691714
3.684702950108609,-10.902589669383483,0.4387036551395221
6.171241281379716,-21.466794625441686,0.2434538488698686
8.542396949275574,-30.492503083213048,0.16090404357700555
3.992865702839297,-11.241711471161903,5.398700221288272
1.7262351924649393,-1.9828559553488678,1.5089065100006358
1.6032859929733925,-2.8463301449799876,0.5216096087142709
7.20615708267791,-26.828313121782546,0.6566572668787265
7.982256397663014,-28.905659632158915,0.7295213516785033
0.15805887839537458,2.830685307268111,1.846283397188582
-0.26785257349304026,2.8663922539375584,7.137379398647599
5.5387703013209695,-15.175854176557475,7.337687962693933
0.6079056861196811,1.2773668488448047,0.6067139198160556
8.071306095019754,-28.407754754761694,0.4555383235526248
2.4136814131648188,-6.50610599276146,0.7981655891591125
0.5825912626825691,-1.6260744804883984,1.3673146305224984
9.130675197361953,-33.25189137540453,0.8387563534428112
0.8208489500880598,0.8221739861786653,2.077336345284972
2.131920905717291,-6.622899706031504,1.2846891219257972
0.689747347112645,0.7516112801042579,0.4379566179989149
0.27039070031890466,2.578176136893697,0.4914299394455851
-0.7673718202991596,6.303868453644895,0.5717228831039698
-0.39065049919313877,4.269401141808799,0.1546249372881866
0.9210561802943796,-0.7132116827782523,0.21484500685090918
-0.41279874110107073,10.100659302899265,2.7940077362826883
5.502581977220683,-18.865409047767884,0.6000582665126347
6.48785979479457,-22.962596910971055,0.26858264418353317
3.3299350251523108,-8.306104971395273,1.3345806420022406
2.4979020664725438,-6.624458538939835,3.2439868491312587
4.5497886072445315,-14.411982262507314,0.327223680170021
8.625054364580695,-29.625083491260444,4.503806919822415
8.362447895044266,-26.551038239168008,7.161594372523558
-0.5217743178592886,5.82959765579065,1.5659902657751792
0.9964825055617649,0.781976525071701,2.1771849220769863
1.6041935821483562,-2.8471499477976696,0.1273948819332405
1.7432633341543302,3.868812970975561,7.7810782365116555
5.2835591691705,-18.635435464955943,0.6094940475052647
3.578886682735115,-7.791950095316797,7.043699197941252
-0.45820468079646615,6.652194497503662,1.4386496669281372
3.1097555230552874,-8.961990688212927,0.10214981811726845
4.761282435894009,-15.659974967413456,0.1194219060852242
0.11839093194087569,5.406109127680268,2.2952902471508363
8.168044091674156,-27.828959099018327,1.3345536200213755
-0.4284194688838532,5.1830256250810764,0.11299646948979435
9.173260559198683,-35.339430003926616,3.0684561577574487
0.09024455737863046,0.27513715666466376,5.061633247508122
8.27932446757528,-29.8077925456013,0.9836372452884837
8.929184583203789,-32.49259087088679,0.8541121123097416
9.77527748645252,-35.5075606881674,0.102552491902939
7.82228468300953,-38.04378489587274,3.7436860831872543
7.574252948484618,-26.920724182215462,0.45859797582235023
6.067316035951024,-18.655010273630957,5.721728410179594
7.568959900359419,-26.975355128115353,0.5573412343702173
0.48007429254461786,3.9151258565216347,1.3494469661334014
4.8967483954240105,-16.13952775910345,0.3472830415051041
4.656451572094559,-14.924439755087489,0.20949642930407117
8.433293585348133,-29.187759870222347,3.546629374722462
4.0907930215286745,-12.146798499337846,0.9844211995772315
3.2359844571038883,-9.253164437316661,1.1829757648562373
6.035195983608211,-8.968905378742555,8.527699867726737
1.9310964925093068,-3.9556608142423166,8.455899729519874
0.5374525204935255,3.6287116540847304,5.14380200512991
4.256650014261204,-13.528616943243499,0.23725675464016474
3.585783054543735,-11.410351154348497,1.543637742205476
1.5582693458176107,-0.6452314021148853,5.705514971475654
3.042629911266408,-7.566284015098325,0.560954805600424
3.0303169480887213,-8.814106548267091,0.15929873676528147
2.602451208538,-5.324402356288275,4.187220239088944
3.1741048769962186,-8.182589527693262,0.9194478523788231
6.5431768000154,-21.114351040982612,1.3451953602813356
2.265641220284138,-5.64234655776424,9.210614221380672
9.437437193868744,-37.98665477151681,1.6384110222835935
9.079828214919957,-32.303225092709866,0.7078785804996917
4.290014711300865,-14.966939640473461,0.5495013145352444
2.6119732550515766,-6.112550460946786,0.6842874662388673
4.889782688130035,-16.087420807975633,0.17250360139244142
8.33416537650987,-25.838607447459758,3.8859849727609483
6.1784607461611225,-25.480057220785408,4.736240164134964
7.848310107417852,-28.3792177840892,0.3705051671660631
4.859945036723142,-15.893146031015489,0.4051289111895603
5.962093921943828,-20.541095502620465,5.606199039655345
2.1697117560070787,-5.426193639396064,0.11167107864307795
7.083824785413198,-24.690962216444063,1.0987904788067178
1.2264505243829018,0.6960998173149857,0.8459631182494245
6.642779417003481,-21.038627693370213,2.400233755703877
8.467909751584834,-30.02894559180396,0.2122185780689697
0.4531312103169832,3.242061377497956,2.1710082888916027
5.758177145961118,-18.70852338941803,0.5668498235042895
0.046053230529280675,2.689628443226137,1.7275457455024434
6.982871910985696,-24.63232831354787,0.12027905844472096
-0.07057459294127744,3.3206000996392264,0.838406032272192
9.295338049706887,-32.621012259070866,1.1079031265366692
0.5114872304158238,0.9191213984729782,0.2683198519976938
9.547682704999884,-34.55074534349293,0.19021611544638412
7.809725936936063,-27.816365204443443,0.23820375647316339
5.530502049129895,-17.914991859137615,0.48784533466654034
7.608865150925016,-26.741054916605954,0.15617815881012315
7.746263228813945,-22.288995168143316,7.845842603827168
9.406297690990634,-33.55734259214719,0.6456365720389021
1.7872168922310592,-4.014842829590061,4.14895959096955
5.490834848941401,-16.735046392572038,8.888618081684742
0.045541173208413444,2.84811643002894,0.14503424550240632
5.777822700265334,-24.02095837428567,2.010661378261116
0.8842043450206769,0.5370849791268024,5.531184860465237
5.21445672619686,-16.798071286673366,1.8555337921505466
5.2967356543723465,-16.852165742907623,0.721194228796205
4.1258366827935005,-11.954778982646575,0.7280357659678904
4.74894953064435,-15.375085255719398,0.11797711506613706
7.403157290072468,-27.215898109804748,1.1727393632335668
7.791691881632733,-30.99978570634185,9.707021545447342
4.41368537132972,-10.26434617398513,8.268277651334609
5.595527856748735,-18.599665349624015,0.12044768510911863
9.24359859259112,-29.497515540417876,2.579847337007268
0.31706947351235093,2.3966416507306305,0.40135597562498504
0.2881392249012156,-0.41903992272898344,6.397028812629606
-0.035200868981547506,3.230256966219606,0.12309190455610924
6.236496135445806,-15.564861013421858,7.443003171075845
3.604691308694174,-16.24724883145786,4.73098409032008
7.517535577560276,-26.53827790764549,0.17179430566492698
6.383545546394519,-22.032726502675892,0.13171907573586403
2.67001534161062,0.0928867183841373,4.671058739409466
8.882032020976894,-31.96028800147662,0.20488744275109858
7.387853617777175,-28.849545609079005,1.174346630313947
1.975884350011933,-1.1834250143616443,6.78406055419515
3.006112195492594,-9.629059874309233,1.3642571139469388
2.458839782246892,-6.486914657428419,0.6229692395269378
0.7337281348749962,0.23408962721413637,0.7763045108409643
0.6256170979641081,0.6918772112842296,0.13373169261163306
9.297402097133185,-26.68434995486517,8.659735807978407
3.816944409186286,-12.51945378201278,0.4181271518412891
3.216518050551508,-9.630260511649684,0.23918116854397775
7.0265427954511575,-24.302327892975345,0.37333147286295587
5.082923717781899,-22.09128263545188,8.48684733126554
9.297539855223084,-33.777391544629786,0.15437327117691468
7.583316433003314,-23.128539885723036,5.427578094517408
4.273065205369944,-10.755524739088292,2.6042806781279393
3.1399542082890886,-9.409829019284139,4.571285629311445
9.852946994167542,-53.27155054457117,8.94942392673529
6.895362596040078,-20.62680855570957,4.834029662975039
9.463141260042253,-46.972427939284806,7.704859125579595
0.30326434938745495,2.0573053184203984,0.17941986004908872
8.355870471098608,-33.27426523092368,3.9046052180975024
6.0078127239032835,-21.96467630454633,1.2341029434916455
0.3411384616862384,1.3123683589230468,1.2217748757130011
5.470837999661428,-19.562853229771743,6.278315737341294
6.547060016159937,-28.321176595706625,8.782287238692305
-0.8646704552253688,8.12777787023318,2.5684827071210106
3.9974975802592123,-13.004140112811763,0.9244358493453493
8.079394623159533,-27.914984119613475,0.8181024924664952
2.2489492787849885,-5.5177291958047014,0.5924925780325472
4.044028899784062,-13.144383591880676,0.5286863031554786
3.865455397746825,-12.595572633487901,0.6067554464047138
2.3212013058674072,-6.218821657991591,0.15118422239524454
9.102860850671096,-32.71844548294292,0.14284734422495723
7.594234389746674,-28.086964583074376,3.6286049421710316
0.21647252095721548,0.4942319557532007,0.7800919311924503
9.967381236213303,-40.06833625314818,7.267231200221291
8.671200267385197,-32.56546373153836,1.6766484708658922
2.1229928165044285,-5.001468442110568,0.11758501106449441
8.205862376270321,-29.568204536376992,0.206560217698293
0.17061485058521153,2.15403290039604,0.2580118103586546
9.990152035216624,-26.338923111036852,8.94276974357012
6.322532097171906,-21.405120494378174,0.27378424462051165
6.151375171146767,-21.901489924232113,1.0752547074764227
-0.005152003174539788,-1.490915513985399,7.453390290332327
8.867367387862878,-26.28173948939568,9.002962886519178
-0.6810054647508363,5.199062513554073,0.2969756699727779
1.6491086384526175,-3.548075354055669,0.1253820272537548
0.573240626832985,0.8784372993660712,0.20286338368357493
7.544447347614404,-26.396156722581622,0.1338618915034334
1.1802464993418766,-1.5695450262410704,0.24561137826246027
9.017020498439738,-32.282455861832254,1.3713219557743959
6.218959432602391,-13.791602961202619,6.68186339467392
-0.6022101845583416,8.079679701316389,1.1869646017157844
-0.9402718245842949,5.883875835485006,1.7864016590530523
-0.43176291284161183,4.901282441729641,0.2533579306646364
5.6651769541250045,-11.906514442034965,3.991785914279184
7.816299919453568,-30.29603327890898,1.7201955387612646
1.624081026901273,2.2806983873880697,5.3490130615756994
8.343497272153803,-37.805978279641536,7.901075540468705
-0.37044865831413576,4.714196416327936,0.49636545814258753
7.810602390058438,-27.69186532292194,0.15176027926955654
9.205749731895084,-33.43758951287466,0.2830465826603689
7.493192390148186,-27.13953369220864,0.7510746971687413
6.679328623765009,-21.03354431287179,7.7873071321221214
8.217782405209213,-28.695135623379684,0.5709783545954417
-0.5583357049822694,4.954112732569389,3.479737050519236
1.2196032179096092,-1.533519510561429,1.2049066029485136
0.37416047236207384,1.8543848693466503,0.23206921909024256
4.549840892122852,-15.199314769570652,0.43799407733625834
7.1970694116172895,-23.733613120674043,2.0248076363322087
5.930130290340386,-18.410201687641845,2.216699326719882
8.362442097381285,-27.90706931489849,0.7404905041502742
0.7073429168519997,0.29783570566428946,0.2866099116966951
7.080832011286777,-26.044954128345456,2.778520203498789
1.123456399557945,-1.0708208970284392,0.21764369138468442
1.9783462644958028,1.5036391795267627,7.4703230617556695
6.808951670094343,-23.825255226156475,0.23757851207579114
9.7822526338855,-35.50992675302173,0.16391727501029324
5.726979665747765,-18.888613344687148,0.9892257318001071
-0.40049653509574845,3.8764857770748464,1.0942062629071216
5.779398669202861,-20.057308884989222,1.038450571213191
-0.534143932618162,5.376921576844496,0.7470247290590443
8.72560282503499,-21.545267527120046,9.764045300291388
6.805361136106828,-24.251527677683285,0.9387743725234516
0.9044063106475355,-2.0373074622586973,0.9034271989698942
0.008931064066178718,1.8278436208407007,0.6974805886827705
1.0188655176835089,-0.9963308274326176,0.13603526576201486
9.780298975096118,-37.450930745213924,1.5343105182625894
4.044167067043388,-12.820315333750933,0.285716646726797
7.624890431755487,-29.161967123430937,1.8845946784333327
6.000491763185545,-20.593206380928365,0.12637667474057662
5.296544649545011,-24.828513861689252,9.178552629862518
0.5964328013155467,0.4618571372566831,0.8669821539889258
9.406268989139045,-25.73787579567113,6.2159962412777165
2.3147689576618973,-5.352847880872095,0.8935571750844
5.358189373882964,-17.964917285930085,0.13202666014419254
6.697535390479727,-25.29106384608814,4.4098832535600465
6.1415647076983975,-21.918901108450882,1.9786430746000094
9.346538506650703,-32.52295552855711,3.660278198997115
0.632828889120638,1.1196320529248998,0.7183560057910117
4.591880122916363,-16.652897944896893,1.8874414506880612
3.4443782981484254,-10.218580656676723,5.157722920761558
4.215856024308799,-17.16950320903855,1.8286512439026728
0.3113927881751908,2.074767599643645,0.4958465201152772
0.4750407086004187,2.9343298468078993,2.1137771007428023
2.058831003593831,-5.551257795074325,2.206522585883161
2.3517506413691445,9.059681704002143,8.340151217410936
3.7069353504948497,-11.930257653529054,0.5518545696396215
5.720863017402911,-19.245756719489236,0.7082124139153626
5.980920291600893,-20.5778891362805,4.209649353290614
3.5299198624412726,-10.847656039551818,1.0268916665692729
3.4966142037156684,-10.952932390629913,2.9726664814290626
1.3939137936665817,-2.2176278675873253,0.8306516439193107
5.471368732499091,-18.185397844599663,0.26976790771911235
2.4874500244896165,-2.364883588616172,3.093197749735183
-0.6033418229489993,5.582940859648843,0.18294070077634134
3.602400485725464,-10.82752155239047,0.24955560415515543
4.215459425991874,-14.711282858919661,1.7932876829119755
1.4815215502463208,-0.26077950941410155,3.1227671373114005
5.297037264343272,-22.417125177695254,6.157093854607612
5.22349090475113,-17.052231293313955,0.3508916186435859
6.722023992214085,-22.986630646949422,0.16651314255356506
6.1274333042133104,-22.002993438584834,8.167578533830252
6.1767636217313475,-21.647210074398192,0.20363206999366262
2.478355670064474,-6.726766426163666,0.24850433235811556
7.661754441845493,-26.59581524975683,0.38252419257009007
5.040588219596474,-16.07915727763183,1.1449399466471963
3.7456001469787914,-10.14557531932243,5.829766121250624
5.886137290351628,-16.704225312793564,3.3196480754964304
2.967230678952797,-7.25834056525002,2.608045162813839
4.640131690674341,-14.857594266793683,0.2240583511737215
7.103762573304423,-24.385350964821605,0.5192365588586302
8.750431753960784,-29.99009162528841,0.9053361293888725
9.131629170247107,-32.802876525968585,0.19717502609349533
4.539962177014091,-14.41584288725124,0.3522568151899235
4.72302626214626,-15.584954892029355,0.41368179375923403
7.7985745184022015,-27.715614134816487,0.17970178732833758
2.4589576091862138,-4.362871698300271,1.260315808631649
8.211205985795754,-28.681783826084267,2.5707295697986785
4.435558111691658,-14.211219977113851,0.13799497208445377
0.2744239676879523,2.2292689037106035,0.9167400469601779
-0.20734938219761934,1.8677211624839458,3.6679414159241372
8.261925321434095,-29.403537982703433,3.133143295108204
-0.3887529140243431,10.863360441510308,4.267231383954492
2.086725797470215,-4.605991586224103,0.7879184431916569
2.675430445517004,-14.859133098392793,4.376371340187714
0.9029388971075317,-0.432278975185706,0.30304431584501584
2.4528270678218815,-5.55086078685403,0.5267701082924973
7.1696182339759424,-25.171068065828777,0.22527404270020035
-0.8384887208392215,4.962184967829087,0.8609324528492766
8.09890766972755,-27.642417398680518,0.6083031211994768
8.42202825932014,-29.863457718912084,0.3032873055837569
3.0948773051070297,-9.249294677050335,3.188316439459642
0.6897418896669828,0.31756190437908915,0.4243200408738151
5.609244487395889,-18.578644108679203,0.35124379456890253
0.3163981145138377,1.8509870736005853,0.18271771761986366
3.0141129718607775,-7.840692687209366,0.7544724807806558
9.542720989910697,-34.27877798330893,0.4035796484338845
9.950109198420009,-35.972927856010585,0.5477037099335254
7.493153804900442,-26.357856140268527,0.296479401480422
2.420576609128428,-6.950172149074669,3.359781076328278
6.5643155408270175,-15.156611012667094,7.2444712744146615
6.75947002032414,-24.35979826860347,0.9905210413819892
3.2662586468001473,-12.836580622880932,1.931954289463609
6.049774980447753,-17.366168590845575,5.424310645239852
-0.8819959052675613,12.962598867830225,9.946247792197413
1.299634244624656,-1.1241397778859439,1.686681064898635
4.775971332639873,-13.212743397539764,6.019479407487062
0.8012643468412546,-2.0696550122636674,6.564724321954407
0.82497554664187,2.954940832146379,3.827392271797149
8.199347196052617,-29.228797166469207,0.8353390463279252
9.88046302951966,-35.90259572885427,0.14531418177410171
5.115663708312932,-17.04251873755713,0.10755017239851186
8.229767039698848,-27.491670429572437,0.9003290567536266
9.893538307588997,-37.573603254322926,0.9741572500705803
0.5575547742565217,1.3235732114663683,0.6527167771031064
3.9307017457978617,-14.62624603613235,1.3687833147430442
3.3182998742611187,-10.04630034421493,1.2715264731574119
-0.11945787989196477,1.6284695402529925,4.7122256839551255
7.308631900742189,-26.01595922622226,0.16493552474733603
3.771569300548523,-11.589536344878898,0.2820689826888706
4.162596276094414,-14.708980618921665,3.854871963835772
0.657402711945642,-9.813754602840117,4.962193944831748
0.9901931745395494,7.4861935770579,9.764464419507181
8.978139843718365,-24.274867877931353,5.56960034413148
-0.5088600212829323,14.18482419562077,6.022794070249809
1.5613751343807687,-2.8154688247341575,0.42530049213806664
2.212652633459812,-5.511652196424073,0.6358040178278502
4.3921729664174505,-13.694423382563683,0.3436926222697698
5.450896903162755,-15.588395219432886,1.631544022207111
4.426189734357332,-5.733460584058447,7.544156836222927
-0.07473131987429771,3.034749388464547,0.48896950297410413
1.680341994612849,-3.1763145903337238,1.3001802470961286
8.279472232387953,-29.335248098449508,0.3913805695505668
6.013475705263049,-20.951222775340067,0.21857472846898582
6.140639551477018,-20.94272072039911,0.24568071063354482
6.372235808864905,-21.676113276092007,0.13058421692895375
7.39193320943482,-20.934454388851687,7.91748129484228
-0.3608067010640793,5.567314363367973,0.6393802498811438
3.0326922342587364,-7.9283161716136545,4.658453706179033
4.934801787878466,-16.463262439304394,2.3049363944553765
2.7230213162705863,-7.46482031720993,0.2420150215083013
8.289267606159052,-29.728991809093017,0.22434918342999116
4.3082975944602335,-17.874198756146704,4.207037692230121
7.454903484053171,-25.821383808960398,0.3383945977859363
8.37217068569286,-20.668270060377274,6.707649598888541
4.552706311938479,-14.973970646271177,0.190594695452915
9.00507468258485,-30.179401990557867,2.266821008268522
5.458363345906786,-18.732829248473355,4.255472144587758
8.353017287170939,-29.697395050970794,0.2954695813587026
2.746498751506767,-7.485636664332712,0.3567916868790578
4.486986543846338,-6.0808875841608145,8.49254334773335
4.845521451050355,-15.91382963125088,0.33821682686546223
0.15477687485677638,3.6098546994595515,0.7242926862307386
3.384077573716947,-9.941765040432418,0.7328771588172439
9.090714398068437,-32.51183034936776,0.3206782462727281
5.9391546440121665,-23.229406508946436,3.5610836293780608
0.9525724068066423,6.985761343563918,3.4970245925225467
2.7274119917056545,-7.30616863857438,0.5709998950831436
1.1076331062896982,2.1611987502655,4.680061737615224
-0.7269455502157021,5.642607537652342,0.2667779118012878
9.202065043544295,-33.23578943618053,0.10200267268350433
3.9302806108255863,-10.608278051182133,1.38782505622133
2.3828857966286474,-3.421699195812215,9.73095680824712
5.583249107135103,-19.08477643436214,0.11947818584295881
-0.919540980776828,7.103055794157397,0.2606130431172956
2.058243172608952,-5.524231113816084,1.091011390982314
6.733368122687819,-17.51780223495201,4.167556275200577
5.971467503761892,-20.402973220243233,0.15068985332298587
9.79986542296789,-35.387061298292394,0.6172616671985329
5.823934806238484,-16.128611998397815,3.119978499899799
4.25256460990506,-14.09611961110871,0.5534602269183646
7.375758195024084,-26.174133883847837,0.23860131944432578
8.936606591604583,-32.15155096086903,0.2460320327288008
6.927655413901867,-23.620426170655172,0.6608419040329369
9.595323459043176,-35.91591797333289,0.909565857077918
7.602056878119949,-35.65863040687199,5.292109670079556
8.53481582088119,-28.93004068566577,1.9253284891075895
0.2551447830200091,0.7428676865437519,2.4032774364393314
7.056548532931664,-28.302927788999,9.24643546917058
3.8409756948010547,-13.210695804032559,0.6663261854305054
5.084141826524028,-17.319527131763767,0.6407797910655042
6.195126504305924,-21.326444619407752,7.025770114837733
9.667966283761263,-34.70368936309556,0.3102781361857326
9.830358895747871,-37.85624058932414,2.8815787486239177
2.170510700366958,-0.021827291441517065,3.2295817066898462
7.071288471817078,-24.841859072675604,0.15688303949837415
7.249818917287955,-26.029851617869678,0.8638986819199568
2.8114214744435366,-7.519140876011414,0.2518401345121029
0.3625675235064312,1.8172865106380032,0.23482836028453394
-0.5495834368570827,4.903665279317842,0.8465570307460379
7.550774402820964,-26.687447644675082,0.3791922172132142
4.386697159985965,-8.839432192712316,3.9094970994434064
9.840941864444188,-26.094841613374008,6.534461188056593
4.114708018130184,-16.34751375704677,4.03126372480222
9.757086769812243,-35.35887320798989,0.34045659022552144
3.5273360241346587,-10.70259243296513,0.35340182456339103
7.730503656159699,-27.65736585059684,0.32318909632995574
-0.06698800456984733,3.4541725513018746,0.18624138476953583
5.110078811515403,-16.94582169127082,7.719634461595356
7.822657656842966,-26.976428316167567,0.6369357069051651
9.171718339418776,-32.69217785950743,0.2814355460454037
8.048413996791748,-30.21934895608187,4.93562438243503
-0.5933220007870835,5.409274299868924,0.6286234898447317
3.099725754374076,-8.96713527910067,0.11755297435252568
-0.464316804547636,4.910787584715094,0.21080608388257902
0.20210520226013806,3.519284266812221,1.8988938184215696
6.428361915342325,-22.518118502124903,3.6796842029190886
6.84584015942868,-24.099931440375922,0.2641610468375445
7.510927510267889,-33.011983402885136,6.8358288163850816
8.520022028612292,-23.171680026099864,5.034939310798837
7.133746153241608,-25.759336595572744,4.974638287683795
7.809587513172953,-27.183021086762754,0.28531348174670973
-0.4613991919439283,4.957800369449404,0.1262036679467177
1.5798866548542843,-1.4598446979002444,5.430590792840241
5.840875507127704,-18.89551938829019,0.4088843209780496
8.439378350873055,-31.967339091165165,1.7291503716252896
-0.9504986256637497,0.6714626798939067,3.310806257860676
4.660922763279848,-14.980280723180309,0.18054543709393497
6.450161393008369,-25.294341613586695,3.6448252331920954
-0.6743198195852547,5.707742821717274,7.533953197067378
3.414911133087267,-11.96753937224497,2.8625292394448603
8.851983695220666,-31.56434127416135,0.7628611476933828
6.387740897414446,-27.420908049083437,5.667039992757113
1.6142419969665704,-3.381172231832907,1.1347893731419405
8.38059242595104,-28.518134198529335,3.0870371481268015
2.8283456575046575,-12.384861429386465,4.375340813874238
8.386791382584654,-32.1384913474452,3.152867526095884
2.288380162307961,-5.970862755775991,0.3764521242230768
5.493522759714639,-18.74751349134109,0.17206312323513373
3.366340745226175,-10.22509787842648,0.2996933171408975
2.023075558305737,-4.671652120944934,1.0133276052989333
8.752133183890562,-31.783840710169418,1.024598803979971
1.0635305013344047,-1.3985149122091274,1.463149484490724
-0.06707249640660595,3.452600161564593,0.6168842399344737
2.761196324002264,-10.165531373214943,3.747854850620605
6.894030624057243,-19.401624731772863,6.703590868359267
7.881747665739099,-27.48879828166023,0.31149430215035734
9.986177070734414,-37.629554369380024,2.971983783621044
2.259982627122814,-4.626716624920705,2.2695706423986852
3.487361462444104,-10.843039775775308,1.1121951542545365
0.5050340583258892,1.2919135573780889,0.23826511878791845
5.323591225853369,-11.732262231382585,3.8946148652557624
9.973380409892089,-31.955805704534857,8.341661669402233
6.709691111327244,-28.231881470099417,2.7776189374282994
5.5473412445470895,-15.604190520946183,6.850464076530415
3.316060022139734,1.5628347873552793,9.297592973755846
9.068286363141103,-32.73550805242362,0.5059427167887725
4.466082557433844,-12.561186948710821,1.8899360356694634
0.4780360464436765,0.6994329295485936,0.8868812539172299
3.019163095190468,-22.695207638897088,9.402806388622432
-0.26116664267456413,4.253370394077262,0.15403366467676055
1.2217694145765972,-2.799811144940649,0.6679590349687156
-0.8056434090009658,5.030840832824975,5.637390107606352
3.9860790815017975,-12.070647015171975,0.3699155781772351
5.979942914469769,-27.610508262646167,3.7634461071043046
2.7762170861679856,-8.513009054415571,0.5828627829476534
3.624199486558048,-20.528418696820733,9.11920712096557
9.551302001290335,-34.9018344878655,5.848704408803317
7.27159433732407,-25.672233462502692,0.40053522432995303
4.949423006394463,-11.49662071599735,3.470453478697718
2.1299496262300774,-4.764011604952786,0.4717512804988939
8.866964786502948,-31.019797727009113,1.6320207658889077
1.5860682856872543,-2.7635373143679742,2.074729761246191
2.5787700356834478,-5.193183233015016,4.56237331231855
8.999712958652434,-32.44897282063525,0.1119184486969273
4.824962608135796,-15.624323714465426,0.2756232074322162
7.165497443597744,-28.057548173943488,2.6536009939105485
5.498192735801427,-17.40086044325753,1.3398200541660044
6.187831299104447,-20.082082551517573,0.9799640782484507
2.2932162066630815,-5.832003131861486,0.12894957449948982
1.655092677893292,-3.425971730803113,0.4972236381295112
2.5474158188553178,-4.712598719062198,5.3727973941451985
0.7098572049176471,0.06579854344833648,0.11528841648222105
8.617458018198882,-30.654835655502968,0.6206867446684026
2.1157162657512547,-6.038507488819775,7.767773890296632
5.176383338558231,-17.255240864672164,0.12640418972929784
7.7117186765551144,-25.033189250692093,3.1579954655797216
7.622065203132849,-26.934736752529982,0.32751050325346825
3.822248844426122,-18.068284809569562,5.410254118513319
4.2388303944539825,-13.98426784813686,3.1055316371715787
9.941719238285273,-35.67470730536689,5.907589932562337
6.4205722467692645,-22.132811237102423,0.27030220025514
7.9610228742967095,-28.06224723634915,1.1550093758132918
8.928093661411552,-28.30852178783276,3.6185942366255963
7.663488198522732,-27.410586323161546,0.31002697726659917
1.0369727944892433,-0.8456901013421835,0.28939605762737114
5.183878071113294,-17.13225415261894,0.11333505689944284
0.12083573045999363,-11.606992871332576,8.260961306020565
6.182143392203982,-20.749434472600623,2.6304724651040683
9.508843710065921,-35.45661060072382,1.8668985054137583
4.6400527073012245,-16.27043706862937,3.0760220576137076
3.7626974215454387,-12.7108274950192,1.156713588238499
-0.605729734400205,5.44088239166114,0.8959167210640493
9.557519745621423,-33.09664369157256,0.7926190065335116
0.13302952543174662,0.260194763763751,1.9093186917300289
-0.5481299736466837,5.069367065974369,0.25297054173010125
1.706732726554323,-11.317463114919665,5.971966873521225
-0.27916522689779333,11.562152661505234,4.202471166954093
4.006296266529386,-12.857789422345512,0.5001810373321723
4.676965813828236,-15.312768207222486,1.4362121407216293
2.438269439314423,-6.509324164459813,0.19144966021579787
-0.4394346916762534,-3.379082902181802,8.804252632493517
0.2276040507414937,0.7971912604904574,6.394187619272716
3.229548157889209,7.5980793022746775,6.9790291613784765
-0.3341870409081026,5.162754139251392,0.4616640906687897
6.680086981709048,-23.374924040906397,0.21790611346481414
1.2772259567729316,-1.6739067535095822,0.26518217414515544
2.3227872566200234,-6.101868212883239,0.15135709443396764
3.335383548959072,-10.285020669451661,0.17386864124803827
3.5827059637606267,-10.811607431076126,0.13887020236576383
-0.9817322155771941,18.147921186219605,9.542147783991075
0.23277408098567298,2.4274839488531907,0.14064210786424114
8.49041020114966,-30.427062585397643,0.18411287591368247
-0.9864363123690105,6.343991938515077,4.513455772818248
4.589840913941626,-13.846826872999223,1.4470396573328816
4.384522071579289,-12.735319719264602,3.5386239221071727
2.664035771117016,-8.043394761132994,1.8273595849377229
3.744597221610946,-21.003298477900234,5.8123283523955465
7.586392512792427,-26.553869175253062,1.8920606584166217
8.25324076836452,-28.208895755513517,1.107261464945102
1.8638339775677504,-7.353084214436566,2.663786340076193
2.547394850645028,-6.361970955795417,0.7848479054320567
1.66731138331166,-3.2234435620567714,0.49218417490272504
4.2784974060617165,-13.055511145159214,0.8615984418614338
6.515841934246942,-22.34971450863521,0.21848831239668348
1.510781630097626,-5.489678864652512,3.9187130177362324
2.6380931626035333,-7.7587577467869435,0.33220606934663555
9.234230793480656,-33.387135578215506,0.20279773150630337
-0.4657378116834612,5.316245411176638,0.31095996845484153
4.068465657635229,-15.491173019053903,4.8321488463769695
6.827138457564556,-24.087508222866653,0.45751210704392126
0.6549941271322147,-3.6779257587385255,2.355590200882839
-0.4788857799396996,14.138895016216052,5.162014989429188
0.5202590880238382,1.2628045366631766,0.14305048475932744
9.107055128837512,-30.16750424365583,3.3888224097347472
-0.8981423999676424,7.147032293509192,0.4124116574228199
1.07154172292487,-0.8767109030990661,0.27117192766442644
-0.65588135808191,5.207757916386046,2.386727872615567
0.21692414318423592,1.2620126470810427,6.600749408505531
5.821642152911259,-19.964224606514975,0.3890795612125436
1.6580279961299436,0.2675245823892633,1.3729907481504966
5.261332554737445,-17.373233702627683,0.37989906764162445
5.492149210427388,-19.091769180543714,1.2840181759812914
8.343788663987569,-28.945434300742956,1.7527664886672385
-0.9478446779693869,5.264056709891155,1.662152157218845
8.387064052766034,-27.274713093096576,1.7664149808404535
5.810309950696714,-19.876243450284118,0.18627714988630173
0.7901783471545335,1.3001774459331894,2.4382651938873954
7.502311269488124,-24.053489208502207,2.236148868668204
8.410406959696443,-29.132487496889933,2.3183352808302327
1.7968983212957303,-3.8852554026649924,0.14065044335540297
9.10673048992949,-32.766806151279425,0.7828484298061733
3.999031733285236,-12.634963033195985,0.6577642477996571
5.637668997666537,-19.157076453181173,0.14908123000951468
9.83114486979408,-35.76214042484509,0.27844271245261243
2.976896865031193,-7.432631516492678,0.7619478774718986
7.944752804021241,-28.517184271952978,3.06064260682355
2.502390296113056,-6.91963180808953,0.2979368034769349
7.791348744656401,-29.936204846335986,4.565620612356898
5.6080731074890675,-17.595448532773595,1.234799859740155
1.3799126474794159,-0.009792364212605896,3.3177478038551182
3.5542870316816,-10.347116445283532,0.8812760479624913
2.4939919779991784,-6.908904889042455,0.9962961471849567
-0.14080767611599732,4.751263241143578,1.7355565892189062
-0.6718175289033277,1.2350387688846873,7.176971412318416
2.8112652094789903,-8.155699565404184,0.9629975069951251
-0.7906243740076476,7.429814370089777,1.1410773273004025
0.8203653333995253,1.3575861010707522,1.5995356613953637
6.977016529359557,-27.293633431818076,2.985590736693172
6.7890035925194665,-23.73843337285398,0.13921969275321783
7.124384251031209,-24.827367333182195,1.0749168655057468
2.4886848824297663,-5.045540027261204,0.9187200160681268
8.79021402829465,-44.88060519421151,6.972202118643569
5.532136028312923,-18.38407160629655,0.9705393780535545
0.38628975921289177,0.48466743029680204,0.8642533455585795
0.5809052760108755,-4.424751875330679,8.402334695436593
6.624049696226717,-23.257939576585077,0.7964397496988472
0.9023833008628587,-0.4615815973848778,0.23002172744573457
4.580219717402477,-15.03870626824772,0.2715390195852309
9.909519235215818,-35.9454774859971,0.1550154825910695
-0.9559163479332655,6.922495161369755,0.10026197575082861
-0.8176221791268738,5.360852221606486,0.7309561458803402
9.923930401235571,-33.30884471671607,3.4552952457274744
5.431027175475821,-16.048537863679826,2.9304403499166574
0.3960097307036444,1.733291997197311,0.11595732165538807
8.87032419729503,-33.96800267108225,1.3802755886617195
8.684183301404614,-31.045204407390063,0.2035008609005619
4.898204544225128,-10.996622282069206,7.623467787082805
5.839712328468322,-20.09213374423221,0.21613743803262378
2.0050591065096395,-4.704423638251151,1.7917542174716357
-0.44428333990794333,4.9027773599208455,0.44923824745382757
5.540243697799508,-15.150757956544386,1.9192106809086285
2.242307125230393,-4.373286970487561,0.6676013295628185
6.299831513263872,-27.18905470335256,3.3058725365907677
8.198696945268614,-28.466662545343958,0.28930653955450686
-0.8002340169419954,0.43037285739650527,6.480129811209654
5.552851521543001,-17.754418489405086,1.0009659369842914
1.5440859365553747,0.25648527920204667,3.252267770939481
8.612773476941815,-35.80801320787878,5.005648879316089
1.7903095721801132,1.0336260243349893,9.946200779883391
5.718471465589602,-19.420463478757966,0.28047317524445425
5.088949240985726,-16.69568626449032,0.37478726644343574
3.357831500651738,-9.991753687574398,0.3168590920845531
6.453828399597735,-21.893834806549208,0.335538736110119
6.983465981869773,-24.277310933078034,1.4618051348219567
5.236315748513255,-19.115001488298983,9.706106365936899
7.342644609032295,-15.325681983396642,9.562163696328641
9.817587835922314,-34.92687481111957,1.1312184055566272
3.6119962669088563,-9.680686626537584,1.8969436083380735
4.66041357074084,-18.69788453282992,5.247362742811209
-0.8628313426466544,-1.0668093014663569,7.342888217754742
7.756314119414162,-27.585748694941305,0.2556944224168467
4.722530737505933,-16.163971996686545,1.140468929143099
3.4875757339662172,-6.936502011428176,4.630992837796664
0.03479159398335385,3.4567921050904573,0.4040211991125644
8.78622063842937,-31.626697150174145,0.7579107813020453
3.3450796404461207,3.37789501412364,9.359274889047871
6.508397580301424,-9.73677664102816,9.334550153056435
0.6431157200496584,2.23889959305209,6.4895356347006095
9.577045924951358,-37.881906815738255,3.952725811028866
0.96285938004014,-0.05970164847998676,0.34535122548418534
1.194961921894394,-1.5473959945134952,0.4382280255797219
8.44881146613485,-30.019365448009342,1.2432706530564424
9.038410185561244,-32.95466257805271,1.3229844788968783
1.3336214827563155,-2.9810434420770817,1.025665243011806
4.167809769923107,-16.02042897377815,1.8764653953852874
7.068443950191128,-24.308311604256883,0.655610718623401
8.662023071918817,-33.48642075355198,3.150273896691722
3.1695796454103573,-7.899649442995525,0.46462208882095013
4.6872143553437216,-15.81441239840049,0.4585154708859304
7.158880515717084,-25.30638857093543,0.17966021860591772
7.04249574318075,-24.49907104398662,0.23846487607211306
7.6125614302869336,-19.189573857258814,5.0239089257991205
5.26927200505679,-17.565353632413984,0.7808447185186315
0.1507660648525273,2.767752880522992,0.2855851184865424
8.94370619965844,-38.21731627186927,3.3012787777662482
8.52129793253131,-31.331291327338054,1.2822191288316835
7.779071794001664,-27.6488350897173,0.11023310049095328
0.0984872487680244,1.9973788502908725,0.42926246454213407
1.2483710378957211,-1.7052124485142943,0.22594504531079437
7.179604016184172,-29.760063418374756,2.049961581417683
-0.7454589595985892,5.675571360422204,0.35486411250502076
9.771470970780076,-35.47369729477457,0.1348632304717919
3.148591483912488,-9.345322022269105,0.1287863925787686
6.912437870599059,-23.529380724045378,1.4569833738712266
8.763281973368477,-31.384732265618833,0.11052153584941804
3.3409287696509047,-5.5433153805435085,4.984071067546833
2.510457374596326,-6.563484087122808,0.20454752950189573
5.696152417880714,-17.43855835239371,1.6335508967537737
5.390883111228558,-18.097686969510093,0.7751326954629016
3.5005397538727685,-10.395352095165004,0.7686047117276495
5.619522314544793,-18.92821964010553,0.1391855932008396
9.289195065231443,-32.924930847067095,4.031851244721042
4.144042822892561,-15.597902639982273,6.110897081857855
1.1641639882569446,-1.4339668689052025,0.10520426214559593
3.1492658117130428,-9.427019335677258,0.22761891633737752
3.3351768085243045,-7.2668650753105,6.424042087566064
0.44219562328841844,1.3349848697944597,1.2559930191935804
0.791586506100104,-0.05950918561489907,0.1995626013737796
6.5301828073304495,-22.765382901405943,0.25443737432918295
2.7342552962979294,-10.130193557596476,2.089163783089609
9.503882310413884,-31.587745339115042,2.8160064453360096
1.6795641989446817,-3.3107544500019546,1.580715155285313
0.08816955615304545,-4.1019453349715915,8.059289562328583
7.288550193002838,-24.805990338191528,0.9730321887026466
8.69139657109657,-31.357928023319808,0.39860599327419827
2.0592469255863666,-6.201424721391264,0.9004628913081713
1.2229691181002575,-1.096173869867722,0.5240015689449995
1.0434274835819588,-1.0730035497866075,0.281081191183435
4.742135315031636,-15.583919534260517,0.12357382756395108
4.152583053714481,-13.18357610708219,0.5063198886195737
1.8538382383998764,-1.098593122213648,2.647394702066973
-0.5030957131163097,5.189522148358789,0.10886182375534843
4.296404743589088,-14.678767444226818,0.7557132318968469
9.552655823991692,-33.48119457874585,1.9409699106028775
6.1777112082792955,-22.01086311633517,1.6626782601997883
4.450572122914803,-7.63194885862334,3.5751714354024826
0.21761281432577728,2.335578974563217,4.178683048461057
1.7767991960454599,-9.744248396650548,2.6510116840198483
2.24251344531997,-5.6015251537201065,0.16054448535098279
7.4128390786795775,-24.350419690795984,0.8913430612187176
8.643818769910812,-28.409428587828284,1.609948244933254
8.918060389230822,-31.462645426749393,0.3098361429491874
9.830254690758295,-35.75751988608874,0.12164762526252008
9.806033514149856,-35.28236931322187,0.28001457784943834
9.482990460447796,-34.848211693698524,0.8124353344116452
-0.20995645446827182,4.18021827502832,0.6727607376922704
0.5157288952058571,0.8754071742565069,0.22559733378935068
2.3491317912363616,-8.951023186133865,4.454829484192977
5.081880794709076,-21.678141921332386,7.1018801257717294
0.06675677576027228,3.1633114939807268,0.252753185678016
8.303766535823566,-23.813938579457893,7.230125422120918
5.7843179698504,-19.62036765422166,0.1085730200719199
4.9660084253242545,-25.976376829448746,7.07823448068653
0.8184245570402027,-2.5307112137138907,8.014152091586512
1.785810218402171,-3.933610000722572,0.10570699475541892
0.7634322748048386,3.1041439293335253,3.357674508719201
8.371264735742784,-19.59879169272703,8.717724599130886
5.4265064606734,-11.387930362625795,6.483424198727646
7.086423702715967,-31.39348710732952,8.738166635713778
2.2563614920102832,-9.167613187607605,1.2608023551409107
3.0837790079710485,-9.235473052579284,0.14332180853832027
3.453404608691872,-3.324296312202738,5.00700927179412
7.3601646891843835,-26.55340033992275,1.6891044715105608
7.495882864420249,-27.68514777266396,1.6961860549657795
1.2749488026543487,-0.7144757009075818,0.6831360743482876
9.356927424119089,-32.00235512050328,1.392143336698925
0.32720871188055034,1.9122701671948996,0.2028427819451912
8.857342906659934,-32.67520850602777,3.0167550828190675
0.10435210214790225,2.769021138859474,0.14126501330122496
1.909937922664422,-3.6906100912596274,2.881121239643889
8.311263896747526,-21.651261261307265,4.988349170262162
0.9744127958069618,-0.2772396918934742,0.8809217951499456
3.549247244409668,-10.061359921383717,1.0463108578027362
3.948452299385388,-11.90560064467927,0.42114199086758114
1.697848703255306,-13.66934080574759,8.687947091437364
6.812697214695852,-21.504329533413017,2.9258290600790944
8.364681143424242,-30.00500029756344,0.5469871282545165
8.62032653841129,-31.416559239664682,0.22367362304420116
2.7325436031021706,-8.179723362127394,0.27489015388438715
4.839354337165959,-16.779712289509966,0.8469242578246072
1.7324704425221664,0.4336596089246443,7.676032425354518
1.6927615170515997,-3.1526325707749483,2.9396301398252795
0.7737946913711653,0.19279885211322698,0.26945577530325265
9.340209118882662,-23.47957034300143,5.237478664629136
8.76787711466138,-32.160916136820184,0.5706910294282252
7.550945846604614,-26.767886888930445,5.0517792590684545
4.694276734165019,-15.251669564806177,0.3043681439509764
4.396687070630591,-15.440361755768286,1.7271148720746299
4.827202328007478,-15.667351896334045,7.134129297903322
4.902248149347982,-16.690578832968132,0.32793518693822965
3.7801939316745936,-8.305322004737116,2.431381910234302
0.4493031618127421,-5.004316273856767,9.432465815041223
0.38230238155389584,2.0961050939183457,0.2000767270963363
9.474746874302516,-34.23395155795976,0.1502465752526379
4.302338355449856,-11.503007923215675,2.2304391777778902
9.485260773957078,-34.296087804878674,0.478048429196672
0.7993456548112098,0.03791557421020351,0.13883180008510249
5.098582072439269,-17.4627453685812,0.8925061877636838
1.2848897868669316,-1.4926056449921437,3.2176689472721014
1.785030667392617,-3.7334464022091263,0.3717447131567578
-0.6693996336270334,5.477402461978719,0.4678361263297416
0.30848641814232447,1.3668545342124643,4.91358871086449
9.085332483921153,-33.359913662953964,1.096841374989929
2.536862906305649,4.324544064278269,4.84689863899308
5.689421331060507,-19.345644040958256,0.781230129546493
4.115155451882003,-0.6130294054427754,8.0528632305904
3.4049636976980615,-10.642783810329329,2.0025767949766307
4.850747004806749,-15.918233307363003,0.1705287979077975
1.0596283907687567,-8.770136806495268,5.8909586787597386
9.874642883715342,-36.2343280328473,0.951766427899981
8.001386555742492,-28.36829759507853,0.19198970263324952
7.1577609600466685,-24.755670181808497,0.202013441658085
4.156352267153477,-12.69282985662119,2.3717443256854147
0.6816483433896957,0.6792395365145871,0.12437841365994863
9.127324441009247,-32.61680970350515,0.3742721653729114
2.755257741199004,-7.3746485611743235,0.19035977418332467
-0.4488264133337285,4.9279448341361345,0.7623507979948191
2.766440444916915,-6.117429538224874,0.6740739501574806
7.739027335454728,-27.90914110500991,1.105994250700333
5.84979619487029,-20.186907418921884,0.3624704927568641
7.259224432193456,-25.617131337978186,0.11590099884195634
7.729989222486152,-23.38911935729579,1.693449355338174
1.3315007218859685,-1.6019418725424517,0.5590311470473714
9.161616477024982,-33.66285352124172,2.00756676545199
3.8178856321240984,-11.676221982562453,0.16494301986995671
6.02915014190581,-20.54433262978005,0.1065503082800044
-0.974603501545838,7.666861825681623,0.3137534397403579
9.927053482522957,-37.282984669967234,0.8186431759646372
2.0898602456057063,-5.218779731674662,0.6139654723216883
-0.31730582805829244,2.522599149525535,4.1745062013469685
4.040882456901653,-13.887647244786145,0.5697381333951167
0.4193306290024592,2.763287489417058,1.1504887047238612
0.6755938117333328,0.11511079785507117,1.538265092769795
5.955110943332312,-20.243336590994563,0.11057648571333135
3.322201307272566,-7.393996239287088,1.07217765928823
9.140376951704946,-33.08105622695191,0.4893983702810271
2.5107214406887706,-7.011514902488807,0.6959215023154329
6.987981412222912,-24.386536191706085,0.1586992217428789
4.072093731703983,-9.25512016856841,3.678249048486541
6.259464312422066,-25.8742586443717,7.670232025601022
5.596648923875894,-18.978966268086296,0.11079945935443183
4.20062370034898,-11.70804785164766,1.5949443175015194
9.450672040868808,-32.85778168425802,3.3704519070656396
2.7698500703045146,-8.501101499105573,0.371206162368215
0.9495905137419982,-5.15800243315015,3.759336226177439
6.459034669678111,-19.55423093962282,1.8395436669210328
8.306083174386997,-26.711883463803424,7.216477544086891
-0.5572088606608386,-1.582440902435419,9.162407911386289
3.9459595726494863,-12.408892434547143,0.12153244299444527
8.81736458656059,-31.621881124306736,0.7760246597370377
7.245804808151543,-24.510398547582316,1.2415824786817327
9.90988488147391,-36.215014057633105,0.19655607283697657
4.845551927569682,-16.337604245995486,0.47051303642619474
